pd_itm_no,약어명,배수,기초지수,자산군,상품군,근거,판정,검토자,비고
KR7465620003,ACE 미국빅테크TOP7 Plus인버스(합성),1.0,Solactive US Big Tech TOP7 Plus CR,대체투자,ETF,약어명,,,
KR7145670006,ACE 인버스,1.0,F-KOSPI 200,대체투자,ETF,약어명,,,
KR7205720006,ACE 일본TOPIX인버스(합성 H),1.0,Topix CR,대체투자,ETF,약어명,,,
KR7306520008,HANARO 200선물인버스,1.0,F-KOSPI 200,대체투자,ETF,약어명,,,
KRG580000377,KB S&P 인버스 2X WTI원유 선물 ETN,,,원자재,ETN,약어명,,,
KRG580000690,KB S&P 인버스 2X WTI원유 선물 ETN B,2.0,,원자재,ETN,약어명,,,
KRG580000468,KB 블룸버그 인버스2X 천연가스선물 ETN(H),,,원자재,ETN,약어명,,,
KRG580000906,KB 솔랙티브 인버스 2X 금 선물 ETN,2.0,,원자재,ETN,약어명,,,
KRG580000872,KB 솔랙티브 인버스 천연가스 선물 ETN,1.0,,원자재,ETN,약어명,,,
KRG580000443,KB 인버스 2X KOSDAQ 150 선물 ETN,2.0,,주식,ETN,약어명,,,
KRG580000401,KB 인버스 2X KOSPI 200 선물 ETN,-2.0,,주식,ETN,배수음수+약어명,,,
KRG580000880,KB 인버스 2X KOSPI 200 선물 ETN B,2.0,,주식,ETN,약어명,,,
KRG580000179,KB 인버스 2X S&P 500 선물 ETN,-2.0,,주식,ETN,배수음수+약어명,,,
KRG580000336,KB 인버스 2X 구리 선물 ETN(H),2.0,,원자재,ETN,약어명,,,
KRG580000237,KB 인버스 2X 금 선물 ETN(H),-2.0,,원자재,ETN,배수음수+약어명,,,
KRG580000146,KB 인버스 2X 나스닥 100 ETN,,,주식,ETN,약어명,,,
KRG580000849,KB 인버스 2X 미국 S&P500 선물 ETN B,2.0,,주식,ETN,약어명,,,
KRG580000773,KB 인버스 2X 미국 나스닥 100 TR ETN B,2.0,,주식,ETN,약어명,,,
KRG580000641,KB 인버스 2X 미국채 10년 선물 ETN,2.0,,채권,ETN,약어명,,,
KRG580000526,KB 인버스 2X 밀 선물 ETN,2.0,,원자재,ETN,약어명,,,
KRG580000815,KB 인버스 2X 은 선물 ETN,2.0,,원자재,ETN,약어명,,,
KRG580000278,KB 인버스 2X 은 선물 ETN(H),,,원자재,ETN,약어명,,,
KRG580000716,KB 인버스 2X 천연가스 선물 ETN B,2.0,,원자재,ETN,약어명,,,
KRG580000542,KB 인버스 2X 콩 선물 ETN,2.0,,원자재,ETN,약어명,,,
KRG580000195,KB 인버스 2X 항셍테크 선물 ETN,-2.0,,주식,ETN,배수음수+약어명,,,
KRG580000807,KB 인버스 은 선물 ETN,1.0,,원자재,ETN,약어명,,,
KRG580000211,KB 인버스 천연가스 선물 ETN,-1.0,,원자재,ETN,배수음수+약어명,,,
KR7253240006,KIWOOM 200선물인버스,1.0,F-KOSPI 200,대체투자,ETF,약어명,,,
KR7253230007,KIWOOM 200선물인버스2X,2.0,F-KOSPI 200,대체투자,ETF,약어명,,,
KR7139660005,KIWOOM 미국달러선물인버스,1.0,F-USDKRW,대체투자,ETF,약어명,,,
KR7230480006,KIWOOM 미국달러선물인버스2X,2.0,F-USDKRW,대체투자,ETF,약어명,,,
KR7291620003,KIWOOM 코스닥150선물인버스,1.0,F-KOSDAQ150,대체투자,ETF,약어명,,,
KR7252670005,KODEX 200선물인버스2X,2.0,F-KOSPI 200,대체투자,ETF,약어명,,,
KR7271050007,KODEX WTI원유선물인버스(H),1.0,S&P GSCI Crude Oil ER USD,대체투자,ETF,약어명,,,
KR7280940008,KODEX 골드선물인버스(H),1.0,S&P GSCI Gold Index ER USD,대체투자,ETF,약어명,,,
KR7176950004,KODEX 국채선물10년인버스,1.0,F-LKTB,대체투자,ETF,약어명,,,
KR7292770005,KODEX 국채선물3년인버스,1.0,F-KTB,대체투자,ETF,약어명,,,
KR7304670003,KODEX 미국30년국채울트라선물인버스(H),1.0,S&P Ultra T-Bond Futures ER,대체투자,ETF,약어명,,,
KR7409810009,KODEX 미국나스닥100선물인버스(H),1.0,NASDAQ 100 CR,대체투자,ETF,약어명,,,
KR7261270003,KODEX 미국달러선물인버스,1.0,F-USDKRW,대체투자,ETF,약어명,,,
KR7261260004,KODEX 미국달러선물인버스2X,2.0,F-USDKRW,대체투자,ETF,약어명,,,
KR7114800006,KODEX 인버스,1.0,F-KOSPI 200,대체투자,ETF,약어명,,,
KR7251340006,KODEX 코스닥150선물인버스,1.0,F-KOSDAQ150,대체투자,ETF,약어명,,,
KRG550000720,N2 블룸버그 -2X WTI원유선물 ETN,,,원자재,ETN,정식명,,,
KRG550001009,N2 인버스 2X 천연가스 선물 ETN,2.0,,원자재,ETN,약어명,,,
KRG550000985,N2 인버스 2X 코스닥150 선물 ETN,2.0,,주식,ETN,약어명,,,
KRG552100452,N2 인버스 레버리지 S&P500 ETN,,,주식,ETN,약어명,,,
KRG552400431,N2 인버스 레버리지 WTI원유 선물 ETN(H),-2.0,,원자재,ETN,배수음수+약어명,,,
KRG550000704,N2 인버스 레버리지 구리 선물 ETN(H),2.0,,원자재,ETN,약어명,,,
KRG550000639,N2 인버스 레버리지 금 선물 ETN(H),-2.0,,원자재,ETN,배수음수+약어명,,,
KRG550000654,N2 인버스 레버리지 은 선물 ETN(H),,,원자재,ETN,약어명,,,
KR7253160006,PLUS 200선물인버스2X,2.0,F-KOSPI 200,대체투자,ETF,약어명,,,
KR70193L0006,PLUS 삼성전자선물단일종목인버스2X,2.0,KRX Samsung Electronics Futures PR,대체투자,ETF,약어명,,,
KR7373530005,PLUS 신흥국MSCI인버스(합성 H),,MSCI EM (Emerging Markets) TR USD,대체투자,ETF,약어명,,,
KR7301410007,PLUS 코스닥150선물인버스,-1.0,F-KOSDAQ150,대체투자,ETF,배수음수+약어명,,,
KR7252410006,RISE 200선물인버스,1.0,F-KOSPI 200,대체투자,ETF,약어명,,,
KR7252420005,RISE 200선물인버스2X,2.0,F-KOSPI 200,대체투자,ETF,약어명,,,
KR7465350007,RISE 2차전지TOP10인버스(합성),1.0,iSelect Secondary Cell TOP10 CR,대체투자,ETF,약어명,,,
KR7282000009,RISE 국고채3년선물인버스,1.0,F-KTB,대체투자,ETF,약어명,,,
KR7295020002,RISE 국채선물10년인버스,1.0,F-LKTB,대체투자,ETF,약어명,,,
KR7397410002,RISE 국채선물5년추종인버스,,,채권,ETF,약어명,,,
KR7469530000,RISE 미국달러선물인버스,1.0,F-USDKRW,대체투자,ETF,약어명,,,
KR7491630000,RISE 미국반도체인버스(합성 H),1.0,NYSE Semiconductor CR USD,대체투자,ETF,약어명,,,
KR7267450005,RISE 미국장기국채선물인버스(H),1.0,S&P U.S. Treasury Bond Futures ER USD,대체투자,ETF,약어명,,,
KR7291680007,RISE 차이나H선물인버스(H),1.0,Hang Seng China Enterprises Futures HKD,대체투자,ETF,약어명,,,
KR7275750008,RISE 코스닥150선물인버스,1.0,F-KOSDAQ150,대체투자,ETF,약어명,,,
KR7334700002,RISE 팔라듐선물인버스(H),1.0,S&P GSCI Palladium ER USD,대체투자,ETF,약어명,,,
KR70197X0008,SOL SK하이닉스선물단일종목인버스2X,2.0,KRX SK Hynix Futures PR,대체투자,ETF,약어명,,,
KR7481200004,SOL 미국테크TOP10인버스(합성),,Solactive US Tech TOP 10 Custom CR USD,대체투자,ETF,약어명,,,
KR7459370003,SOL 유럽탄소배출권선물인버스ICE(H),,Index is not available on Lipper Database,대체투자,ETF,약어명,,,
KR7252710009,TIGER 200선물인버스2X,2.0,F-KOSPI 200,대체투자,ETF,약어명,,,
KR7225030006,TIGER 미국S&P500선물인버스(H),1.0,S&P 500 Futures TR USD,대체투자,ETF,약어명,,,
KR7261120000,TIGER 미국달러선물인버스2X,2.0,F-USDKRW,대체투자,ETF,약어명,,,
KR7217770007,TIGER 원유선물인버스(H),1.0,S&P GSCI Crude Oil ER USD,대체투자,ETF,약어명,,,
KR7123310005,TIGER 인버스,1.0,F-KOSPI 200,대체투자,ETF,약어명,,,
KR7217780006,TIGER 차이나CSI300인버스(합성),1.0,CSI 300 CR,대체투자,ETF,약어명,,,
KR7250780004,TIGER 코스닥150선물인버스,1.0,F-KOSDAQ150,대체투자,ETF,약어명,,,
KRG510000299,대신 S&P 인버스 2X 천연가스 선물 ETN,,,원자재,ETN,약어명,,,
KRG510000455,대신 인버스 2X 미국달러 선물 ETN,2.0,,통화,ETN,약어명,,,
KRG510000273,대신 인버스 2X 코스닥 150 선물 ETN,2.0,,주식,ETN,약어명,,,
KRG510000406,대신 인버스 3X 국채30년 ETN,,,채권,ETN,약어명,,,
KRG510000430,대신 인버스 천연가스 선물 ETN(H) B,1.0,,원자재,ETN,약어명,,,
KRG610000702,메리츠 KAP 인버스 2X 일본 엔화 ETN,2.0,,통화,ETN,약어명,,,
KRG610000736,메리츠 KAP 인버스 2X 중국 위안화 ETN,2.0,,통화,ETN,약어명,,,
KRG610000546,메리츠 블룸버그 -2X 천연가스 선물 ETN(H),,,원자재,ETN,정식명,,,
KRG610000421,메리츠 블룸버그 인버스 2X WTI선물 ETN(H),,,원자재,ETN,약어명,,,
KRG610001049,메리츠 솔랙티브 인버스 2X 금 선물 ETN(H),2.0,,원자재,ETN,약어명,,,
KRG610000892,메리츠 인버스 2X WTI원유 선물 ETN(H),2.0,,원자재,ETN,약어명,,,
KRG610000298,메리츠 인버스 2X 구리 선물 ETN(H),2.0,,원자재,ETN,약어명,,,
KRG610000215,메리츠 인버스 2X 국채10년 ETN,,,채권,ETN,약어명,,,
KRG610000108,메리츠 인버스 2X 국채30년 ETN,,,채권,ETN,약어명,,,
KRG610000488,메리츠 인버스 2X 국채3년 ETN,,,채권,ETN,약어명,,,
KRG610000520,메리츠 인버스 2X 국채5년 ETN,,,채권,ETN,약어명,,,
KRG610000132,메리츠 인버스 2X 금 선물 ETN(H),-2.0,,원자재,ETN,배수음수+약어명,,,
KRG610000363,메리츠 인버스 2X 대표 농산물 선물 ETN(H),2.0,,원자재,ETN,약어명,,,
KRG610000256,메리츠 인버스 2X 미국채10년 ETN(H),2.0,,채권,ETN,약어명,,,
KRG610000405,메리츠 인버스 2X 미국채30년 ETN(H),2.0,,채권,ETN,약어명,,,
KRG610000173,메리츠 인버스 2X 은 선물 ETN(H),,,원자재,ETN,약어명,,,
KRG610001015,메리츠 인버스 2X 은 선물 ETN(H),2.0,,원자재,ETN,약어명,,,
KRG610000967,메리츠 인버스 2X 천연가스 선물 ETN(H),2.0,,원자재,ETN,약어명,,,
KRG610000603,메리츠 인버스 3X 국채10년 ETN,3.0,,채권,ETN,약어명,,,
KRG610000629,메리츠 인버스 3X 국채30년 ETN,3.0,,채권,ETN,약어명,,,
KRG610000561,메리츠 인버스 3X 국채3년 ETN,3.0,,채권,ETN,약어명,,,
KRG610000587,메리츠 인버스 3X 국채5년 ETN,3.0,,채권,ETN,약어명,,,
KRG610000769,메리츠 인버스 3X 미국채10년 ETN,3.0,,채권,ETN,약어명,,,
KRG610000793,메리츠 인버스 3X 미국채30년 ETN,3.0,,채권,ETN,약어명,,,
KRG610000934,메리츠 인버스 3X 일본 국채 10년 ETN,3.0,,채권,ETN,약어명,,,
KRG610000207,메리츠 인버스 국채10년 ETN,1.0,,채권,ETN,약어명,,,
KRG610000090,메리츠 인버스 국채30년 ETN,-1.0,,채권,ETN,배수음수+약어명,,,
KRG610001064,메리츠 인버스 국채30년 ETN B,1.0,,채권,ETN,약어명,,,
KRG610000470,메리츠 인버스 국채3년 ETN,1.0,,채권,ETN,약어명,,,
KRG610000512,메리츠 인버스 국채5년 ETN,1.0,,채권,ETN,약어명,,,
KRG610000249,메리츠 인버스 미국채10년 ETN(H),1.0,,채권,ETN,약어명,,,
KRG610000397,메리츠 인버스 미국채30년 ETN(H),1.0,,채권,ETN,약어명,,,
KRG610000926,메리츠 인버스 일본 국채 10년 ETN,1.0,,채권,ETN,약어명,,,
KRG610000447,메리츠 인버스 천연가스 선물 ETN(H),,,원자재,ETN,약어명,,,
KRG610000868,메리츠 인버스2X 미국채30년 스트립 ETN(H),2.0,,채권,ETN,약어명,,,
KRG520000636,미래에셋 -0.5X S&P500 VIX S/T선물 ETN(H),,,기타,ETN,정식명,,,
KRG520000859,미래에셋 -2X 미국 AI TOP3 ETN,2.0,,주식,ETN,정식명,,,
KRG520000842,미래에셋 -2X 미국 자율주행대표기업 ETN,2.0,,주식,ETN,정식명,,,
KRG520000651,미래에셋 -2X 미국채울트라30년 선물 ETN,2.0,,채권,ETN,정식명,,,
KRG520000693,미래에셋 -2X 홍콩H 선물 ETN(H),-2.0,,주식,ETN,배수음수+정식명,,,
KRG520000966,미래에셋 인버스 2X WTI원유 선물 ETN,2.0,,원자재,ETN,약어명,,,
KRG520000990,미래에셋 인버스 2X 반도체 ETN,2.0,,주식,ETN,약어명,,,
KRG520000479,미래에셋 인버스 2X 옥수수 선물 ETN,2.0,,원자재,ETN,약어명,,,
KRG520000503,미래에셋 인버스 2X 원유선물혼합 ETN(H),-2.0,,원자재,ETN,배수음수+약어명,,,
KRG520000933,미래에셋 인버스 2X 은 선물 ETN B,2.0,,원자재,ETN,약어명,,,
KRG520000578,미래에셋 인버스 2X 코스닥150 선물 ETN,2.0,,주식,ETN,약어명,,,
KRG520000552,미래에셋 인버스 2X 코스피200 선물 ETN,-2.0,,주식,ETN,배수음수+약어명,,,
KRG520001022,미래에셋 인버스 2X 코스피200 선물 ETN B,2.0,,주식,ETN,약어명,,,
KRG522100111,미래에셋 인버스 원유선물혼합 ETN(H),,,원자재,ETN,약어명,,,
KRG520000917,미래에셋 인버스 천연가스 선물 ETN B,1.0,,원자재,ETN,약어명,,,
KRG520000537,미래에셋 인버스 천연가스 선물 ETN(H),,,원자재,ETN,약어명,,,
KRG520000404,미래에셋 인버스 코스닥150 선물 ETN,1.0,,주식,ETN,약어명,,,
KRG520000388,미래에셋 인버스 코스피200 선물 ETN,1.0,,주식,ETN,약어명,,,
KRG520000867,미래에셋-0.5X S&P500 VIX S/T선물 ETN(H)B,0.5,,기타,ETN,정식명,,,
KRG530001004,삼성 블룸버그 인버스 2X WTI원유 선물 ETN,,,원자재,ETN,약어명,,,
KRG530001343,삼성 블룸버그 인버스2X WTI원유선물 ETN B,2.0,,원자재,ETN,약어명,,,
KRG530001103,삼성 인버스 0.5X S&P500 VIX S/T선물 ETN,,,기타,ETN,약어명,,,
KRG530001145,삼성 인버스 2X S&P500 선물 ETN,2.0,,주식,ETN,약어명,,,
KRG532400360,삼성 인버스 2X WTI원유 선물 ETN,-2.0,,원자재,ETN,배수음수+약어명,,,
KRG532400642,삼성 인버스 2X 구리 선물 ETN(H),2.0,,원자재,ETN,약어명,,,
KRG532400568,삼성 인버스 2X 금 선물 ETN(H),2.0,,원자재,ETN,약어명,,,
KRG530001160,삼성 인버스 2X 나스닥 100 TR ETN,2.0,,주식,ETN,약어명,,,
KRG530001293,삼성 인버스 2X 미국다우존스 선물 ETN,2.0,,주식,ETN,약어명,,,
KRG530001434,삼성 인버스 2X 은 선물 ETN,2.0,,원자재,ETN,약어명,,,
KRG532400626,삼성 인버스 2X 은 선물 ETN(H),2.0,,원자재,ETN,약어명,,,
KRG530001251,삼성 인버스 2X 일본니케이225선물 ETN(H),2.0,,주식,ETN,약어명,,,
KRG530001020,삼성 인버스 2X 천연가스 선물 ETN C,,,원자재,ETN,약어명,,,
KRG530001368,삼성 인버스 2X 천연가스 선물 ETN D,2.0,,원자재,ETN,약어명,,,
KRG530001079,삼성 인버스 2X 코스닥150 선물 ETN,2.0,,주식,ETN,약어명,,,
KRG530001053,삼성 인버스 2X 코스피200 선물 ETN,-2.0,,주식,ETN,배수음수+약어명,,,
KRG530001228,삼성 인버스 2X 항셍테크 TR ETN(H) B,2.0,,주식,ETN,약어명,,,
KRG536100024,삼성 인버스 China A50 선물 ETN(H),,,주식,ETN,약어명,,,
KRG530001350,삼성 인버스 China A50 선물 ETN(H) B,1.0,,주식,ETN,약어명,,,
KRG530000964,삼성 인버스 구리 선물 ETN(H),1.0,,원자재,ETN,약어명,,,
KRG530000840,삼성 인버스 금 선물 ETN(H),-1.0,,원자재,ETN,배수음수+약어명,,,
KRG530000907,삼성 인버스 은 선물 ETN(H),1.0,,원자재,ETN,약어명,,,
KRG530000949,삼성 인버스 코스닥 150 선물 ETN,1.0,,주식,ETN,약어명,,,
KRG530000923,삼성 인버스 코스피 200 선물 ETN,1.0,,주식,ETN,약어명,,,
KRG530001319,삼성 인버스0.5X S&P500 VIX S/T선물 ETN B,0.5,,기타,ETN,약어명,,,
KRG500000812,신한 S&P 인버스 2X 유로 선물 ETN(H),-2.0,,통화,ETN,배수음수+약어명,,,
KRG500000796,신한 S&P 인버스 유로 선물 ETN(H),-1.0,,통화,ETN,배수음수+약어명,,,
KRG500000663,신한 블룸버그 인버스 2X WTI원유 선물 ETN,,,원자재,ETN,약어명,,,
KRG500000945,신한 블룸버그 인버스2X WTI원유선물 ETN B,2.0,,원자재,ETN,약어명,,,
KRG500000689,신한 인버스 2X 10년 국채선물 ETN,2.0,,채권,ETN,약어명,,,
KRG500000572,신한 인버스 2X Russell 2000 ETN,,,주식,ETN,약어명,,,
KRG500000986,신한 인버스 2X Russell 2000 ETN B,2.0,,주식,ETN,약어명,,,
KRG502100511,신한 인버스 2X S&P500 선물 ETN,2.0,,주식,ETN,약어명,,,
KRG502400275,신한 인버스 2X WTI원유 선물 ETN(H),,,원자재,ETN,약어명,,,
KRG502400416,신한 인버스 2X 구리 선물 ETN,2.0,,원자재,ETN,약어명,,,
KRG502400382,신한 인버스 2X 금 선물 ETN,2.0,,원자재,ETN,약어명,,,
KRG502100289,신한 인버스 2X 다우존스지수 선물 ETN(H),-2.0,,주식,ETN,배수음수+약어명,,,
KRG501500364,신한 인버스 2X 미국달러 선물 ETN,2.0,,통화,ETN,약어명,,,
KRG502400309,신한 인버스 2X 은 선물 ETN(H),2.0,,원자재,ETN,약어명,,,
KRG500000721,신한 인버스 2X 코스닥 150 선물 ETN,2.0,,주식,ETN,약어명,,,
KRG500000705,신한 인버스 2X 코스피 200 선물 ETN,-2.0,,주식,ETN,배수음수+약어명,,,
KRG500000556,신한 인버스 Russell 2000 ETN,,,주식,ETN,약어명,,,
KRG502400036,신한 인버스 WTI원유 선물 ETN(H),,,원자재,ETN,약어명,,,
KRG502400085,신한 인버스 구리 선물 ETN(H),,,원자재,ETN,약어명,,,
KRG502400069,신한 인버스 금 선물 ETN(H),,,원자재,ETN,약어명,,,
KRG502400101,신한 인버스 다우존스지수 선물 ETN(H),,,주식,ETN,약어명,,,
KRG502400127,신한 인버스 달러인덱스 선물 ETN(H),,,통화,ETN,약어명,,,
KRG502400051,신한 인버스 브렌트원유 선물 ETN(H),,,원자재,ETN,약어명,,,
KRG502400143,신한 인버스 옥수수 선물 ETN(H),,,원자재,ETN,약어명,,,
KRG501100074,신한 인버스 은 선물 ETN(H),,,원자재,ETN,약어명,,,
KRG500000630,신한 인버스 코스닥 150 선물 ETN,1.0,,주식,ETN,약어명,,,
KRG500000614,신한 인버스 코스피 200 선물 ETN,1.0,,주식,ETN,약어명,,,
KRG502400242,신한 인버스 콩 선물 ETN(H),1.0,,원자재,ETN,약어명,,,
KRG500000770,신한 인버스0.5X S&P500 VIX S/T선물 ETN,,,기타,ETN,약어명,,,
KRG500000960,신한 인버스2X 천연가스 선물 ETN B,2.0,,원자재,ETN,약어명,,,
KRG760000247,키움 인버스 2X K방산 TOP5 ETN,2.0,,주식,ETN,약어명,,,
KRG760000288,키움 인버스 2X 반도체TOP10 ETN,2.0,,주식,ETN,약어명,,,
KRG760000270,키움 인버스 2X 전력 TOP5 ETN,2.0,,주식,ETN,약어명,,,
KRG760000049,키움 인버스 미국달러선물 ETN,1.0,,통화,ETN,약어명,,,
KRG700000240,하나 -0.5X S&P500 VIX S/T 선물 ETN(H),,,기타,ETN,정식명,,,
KRG700000166,하나 S&P 인버스 2X WTI원유 선물 ETN,,,원자재,ETN,약어명,,,
KRG700000307,하나 S&P 인버스 2X WTI원유 선물 ETN B,2.0,,원자재,ETN,약어명,,,
KRG700000208,하나 블룸버그 -2X 천연가스 선물 ETN(H),,,원자재,ETN,정식명,,,
KRG700000356,하나 인버스 2X K방산TOP10 ETN,2.0,,주식,ETN,약어명,,,
KRG700000364,하나 인버스 2X 반도체 ETN,2.0,,주식,ETN,약어명,,,
KRG700000125,하나 인버스 2X 옥수수 선물 ETN(H),2.0,,원자재,ETN,약어명,,,
KRG700000323,하나 인버스 2X 천연가스 선물 ETN(H),2.0,,원자재,ETN,약어명,,,
KRG700000182,하나 인버스 2X 코스닥150 선물 ETN,2.0,,주식,ETN,약어명,,,
KRG700000141,하나 인버스 2X 콩 선물 ETN(H),2.0,,원자재,ETN,약어명,,,
KRG570000791,한투 블룸버그 인버스 2X WTI원유 선물 ETN,,,원자재,ETN,약어명,,,
KRG570000841,한투 블룸버그 인버스 2X 천연가스선물 ETN,,,원자재,ETN,약어명,,,
KRG570001260,한투 솔랙티브인버스2X금선물 ETN,2.0,,원자재,ETN,약어명,,,
KRG570000890,한투 인버스 0.5X S&P500 VIX S/T 선물 ETN,,,기타,ETN,약어명,,,
KRG570000627,한투 인버스 2X 은 선물 ETN,,,원자재,ETN,약어명,,,
KRG570000536,한투 인버스 플래티넘 선물 ETN,,,원자재,ETN,약어명,,,
KRG570001153,한투 인버스0.5X S&P500 VIX S/T선물 ETN B,0.5,,기타,ETN,약어명,,,
KRG572100235,한투 인버스2XS&P500선물 ETN(H),2.0,,주식,ETN,약어명,,,
KRG570001179,한투 인버스2XWTI원유선물 ETN B,2.0,,원자재,ETN,약어명,,,
KRG570000734,한투 인버스2X구리선물 ETN,2.0,,원자재,ETN,약어명,,,
KRG570000601,한투 인버스2X금선물 ETN,-2.0,,원자재,ETN,배수음수+약어명,,,
KRG570001039,한투 인버스2X나스닥100 ETN B,2.0,,주식,ETN,약어명,,,
KRG570000668,한투 인버스2X베트남VN30 선물 ETN(H),2.0,,주식,ETN,약어명,,,
KRG570000999,한투 인버스2X엔달러 선물 ETN(H),2.0,,통화,ETN,약어명,,,
KRG570000924,한투 인버스2X유로스탁스50 ETN(H) B,2.0,,주식,ETN,약어명,,,
KRG570001195,한투 인버스2X은선물 ETN,2.0,,원자재,ETN,약어명,,,
KRG570001070,한투 인버스2X일본니케이225선물 ETN(H),2.0,,주식,ETN,약어명,,,
KRG570000965,한투 인버스2X일본엔선물 ETN,2.0,,통화,ETN,약어명,,,
KRG570001187,한투 인버스2X천연가스선물 ETN B,2.0,,원자재,ETN,약어명,,,
KRG570000825,한투 인버스2X코스닥150선물 ETN,2.0,,주식,ETN,약어명,,,
KRG570001278,한투 인버스2X코스피200선물 ETN,2.0,,주식,ETN,약어명,,,
KRG570000700,한투 인버스2X플래티넘선물 ETN,2.0,,원자재,ETN,약어명,,,
KRG570000569,한투 인버스금선물 ETN,-1.0,,원자재,ETN,배수음수+약어명,,,
KRG570001229,한투 인버스금선물 ETN,1.0,,원자재,ETN,약어명,,,
KRG570001013,한투 인버스나스닥100 ETN B,1.0,,주식,ETN,약어명,,,
KRG570000643,한투 인버스베트남VN30선물 ETN(H),1.0,,주식,ETN,약어명,,,
KRG570000916,한투 인버스유로스탁스50 ETN(H) C,1.0,,주식,ETN,약어명,,,
KRG570001245,한투 인버스은선물 ETN,1.0,,원자재,ETN,약어명,,,
KRG570000585,한투 인버스은선물 ETN,-1.0,,원자재,ETN,배수음수+약어명,,,
KRG570001054,한투 인버스일본니케이225선물 ETN(H),1.0,,주식,ETN,약어명,,,
