code,name,short_name,source,as_of,status,n_items,n_selling
00080008,미래에셋자산운용,미래에셋,금융투자협회 회원사 코드,2026-08-22,confirmed,4536,2306
00040011,멀티에셋자산운용,멀티에셋,미래에셋증권 펀드상세 웹 ADMICN(2026-08-18 관측),2026-08-22,confirmed,1546,4
00040010,삼성자산운용,삼성,금융투자협회 회원사 코드,2026-08-22,confirmed,1297,903
00040024,한국투자신탁운용,한국투자,금융투자협회 회원사 코드,2026-08-22,confirmed,1031,562
00040067,신한자산운용,신한,금융투자협회 회원사 코드,2026-08-22,confirmed,884,451
00040035,KB자산운용,KB,금융투자협회 회원사 코드,2026-08-22,confirmed,849,671
00040007,우리자산운용,우리,금융투자협회 회원사 코드,2026-08-22,confirmed,776,420
00040027,한화자산운용,한화,금융투자협회 회원사 코드,2026-08-22,confirmed,641,339
00080013,다올자산운용,다올,금융투자협회 회원사 코드,2026-08-22,confirmed,638,148
00040018,브이아이자산운용,브이아이,금융투자협회 회원사 코드,2026-08-22,confirmed,582,132
00080052,키움투자자산운용,키움,금융투자협회 회원사 코드,2026-08-22,confirmed,566,353
00040021,흥국자산운용,흥국,금융투자협회 회원사 코드,2026-08-22,confirmed,532,124
00040006,DB자산운용,DB,금융투자협회 회원사 코드,2026-08-22,confirmed,473,191
00040040,NH-Amundi자산운용,NH,미래에셋증권 펀드상세 웹 ADMICN(2026-08-18 관측); 구값 '엔에이치아문디자산운용'(금융투자협회 회원사 코드) 정정,2026-08-22,confirmed,437,316
00040026,유진자산운용,유진,금융투자협회 회원사 코드,2026-08-22,confirmed,431,48
00040001,교보악사자산운용,교보악사,금융투자협회 회원사 코드,2026-08-22,confirmed,398,147
00080010,유리자산운용,유리,금융투자협회 회원사 코드,2026-08-22,confirmed,379,115
00040005,하나자산운용,하나,금융투자협회 회원사 코드,2026-08-22,confirmed,351,155
00040087,케이씨지아이자산운용,케이씨지아이,금융투자협회 회원사 코드,2026-08-22,confirmed,322,140
00080017,유경PSG자산운용,유경,금융투자협회 회원사 코드,2026-08-22,confirmed,309,37
00080029,피델리티자산운용,피델리티,금융투자협회 회원사 코드,2026-08-22,confirmed,296,246
00040038,카디안자산운용,카디안,금융투자협회 회원사 코드,2026-08-22,confirmed,292,130
00080018,플러스자산운용,플러스,미래에셋증권 펀드상세 웹 ADMICN(2026-08-18 관측),2026-08-22,confirmed,291,17
00080035,iM에셋자산운용,iM에셋,미래에셋증권 펀드상세 웹 ADMICN(2026-08-18 관측); 구값 '아이엠에셋자산운용'(금융투자협회 회원사 코드) 정정,2026-08-22,confirmed,289,244
00080005,마이다스에셋자산운용,마이다스,금융투자협회 회원사 코드,2026-08-22,confirmed,261,225
00040016,HDC자산운용,HDC,금융투자협회 회원사 코드,2026-08-22,confirmed,242,33
00040004,대신자산운용,대신,미래에셋증권 펀드상세 웹 ADMICN(2026-08-18 관측),2026-08-22,confirmed,216,29
00040014,신영자산운용,신영,금융투자협회 회원사 코드,2026-08-22,confirmed,207,137
00080043,트러스톤자산운용,트러스톤,금융투자협회 회원사 코드,2026-08-22,confirmed,203,161
00080087,브이자산운용,브이,미래에셋증권 펀드상세 웹 ADMICN(2026-08-18 관측),2026-08-22,confirmed,191,27
00080022,아이비케이자산운용,IBK,미래에셋증권 펀드상세 웹 ADMICN(2026-08-18 관측); 구값 'IBK자산운용'(금융투자협회 회원사 코드) 정정,2026-08-22,confirmed,187,116
00080006,코레이트자산운용,코레이트,미래에셋증권 펀드상세 웹 ADMICN(2026-08-18 관측),2026-08-22,confirmed,158,27
00080032,현대인베스트먼트자산운용,현대,미래에셋증권 펀드상세 웹 ADMICN(2026-08-18 관측); 구값 '현대자산운용'(금융투자협회 회원사 코드) 정정,2026-08-22,confirmed,131,48
00080019,베어링자산운용,베어링,금융투자협회 회원사 코드,2026-08-22,confirmed,118,76
00080119,타임폴리오자산운용(주),타임폴리오,웹 확인 2026-08-25: https://www.timefolio.co.kr/ · ko.wikipedia 타임폴리오자산운용,2026-08-22,web_confirmed,115,99
00080042,AB자산운용,AB,금융투자협회 회원사 코드,2026-08-22,confirmed,104,77
00080086,에셋플러스자산운용,에셋플러스,금융투자협회 회원사 코드,2026-08-22,confirmed,103,95
00040013,키움투자자산운용,키움투자,미래에셋증권 펀드상세 웹 ADMICN(2026-08-18 관측),2026-08-22,confirmed,102,46
00080162,디에스자산운용,디에스,미래에셋증권 펀드상세 웹 ADMICN(2026-08-18 관측),2026-08-22,confirmed,84,61
00080021,한국투자밸류자산운용,한국밸류,미래에셋증권 펀드상세 웹 ADMICN(2026-08-18 관측); 구값 '한국밸류자산운용'(금융투자협회 회원사 코드) 정정,2026-08-22,confirmed,82,76
00080159,베어링자산운용,베어링,미래에셋증권 펀드상세 웹 ADMICN(2026-08-18 관측),2026-08-22,confirmed,81,56
00080031,알파자산운용,알파,미래에셋증권 펀드상세 웹 ADMICN(2026-08-18 관측),2026-08-22,confirmed,77,14
00080033,BNK자산운용,BNK,금융투자협회 회원사 코드,2026-08-22,confirmed,77,55
00080127,머스트자산운용,머스트,미래에셋증권 펀드상세 웹 ADMICN(2026-08-18 관측),2026-08-22,confirmed,74,67
00080135,삼성액티브자산운용,삼성액티브,금융투자협회 회원사 코드,2026-08-22,confirmed,69,58
00040023,우리글로벌자산운용,우리글로벌,미래에셋증권 펀드상세 웹 ADMICN(2026-08-18 관측),2026-08-22,confirmed,69,0
00080016,칸서스자산운용,칸서스,미래에셋증권 펀드상세 웹 ADMICN(2026-08-18 관측),2026-08-22,confirmed,64,14
00080182,,교보증권,종목명 접두 최빈값 (점유 60%) — 법인명 아님,2026-08-22,derived,62,2
00080030,JP모간자산운용,JP모간,미래에셋증권 펀드상세 웹 ADMICN(2026-08-18 관측); 구값 '제이피모간자산운용'(금융투자협회 회원사 코드) 정정,2026-08-22,confirmed,56,0
00080041,현대자산운용,현대,미래에셋증권 펀드상세 웹 ADMICN(2026-08-18 관측),2026-08-22,confirmed,54,11
00040084,디더블유에스자산운용,디더블유에스,미래에셋증권 펀드상세 웹 ADMICN(2026-08-18 관측),2026-08-22,confirmed,53,4
00080181,아이비케이투자증권(주),IBK투자증권인,웹 확인 https://m.ibks.com/iki/IKI010401.do (2026-08-25) — 증권사(집합투자업 겸영 추정) — 접두 점유 88%,2026-08-22,web_confirmed,48,22
00130001,,피델리티펀드유로,"종목명 접두 최빈값 (점유 4%) — 법인명 아님 | 검수 2026-08-25: 0013xxxx = 역외펀드 운용법인 계열(Fidelity) — 국내 법인 코드 아님, derived 유지",2026-08-22,derived,47,47
00080396,타이거자산운용투자일임(주),타이거,웹 확인 2026-08-25: http://tigerinv.co.kr/ · dealsite.co.kr/articles/143920 (목표달성형 히어로/메가 시리즈),2026-08-22,web_confirmed,47,35
00080195,VIP자산운용(주),VIP,웹 확인 2026-08-25: https://vipasset.co.kr/about · ko.wikipedia VIP자산운용,2026-08-22,web_confirmed,44,34
00040022,프랭클린템플턴투자신탁운용,프랭클린템플턴,미래에셋증권 펀드상세 웹 ADMICN(2026-08-18 관측),2026-08-22,confirmed,43,0
00080112,,라이노스,종목명 접두 최빈값 (점유 43%) — 법인명 아님,2026-08-22,derived,42,2
00080003,골든브릿지자산운용,골든브릿지,미래에셋증권 펀드상세 웹 ADMICN(2026-08-18 관측),2026-08-22,confirmed,42,4
00080320,라이프자산운용(주),라이프,웹 확인 2026-08-25: https://thevc.kr/lifeassetmanagement · hankyung.com 202311305046i,2026-08-22,web_confirmed,42,37
00080248,타임폴리오자산운용,타임폴리오,금융투자협회 회원사 코드,2026-08-22,confirmed,39,39
00080002,에이케이파트너스자산운용,에이케이파트너스,미래에셋증권 펀드상세 웹 ADMICN(2026-08-18 관측),2026-08-22,confirmed,39,1
00080145,지브이에이자산운용(주),GVA,웹 확인 2026-08-25: https://gvaasset.com/ · saramin 지브이에이자산운용(주),2026-08-22,web_confirmed,37,18
00040103,리딩투자증권(주),리딩,"웹 확인 2026-08-25: http://www.leading.co.kr · KIS 신용평가 2025.09 (2017 전문사모집합투자업 등록, 헤지펀드 AUM 7,600억)",2026-08-22,web_confirmed,36,13
00040085,,KOSEF,종목명 접두 최빈값 (점유 11%) — 법인명 아님,2026-08-22,derived,35,0
00080154,,미래에셋CP전용,종목명 접두 최빈값 (점유 11%) — 법인명 아님,2026-08-22,derived,35,0
00080148,보고펀드자산운용(주),보고,웹 확인 2026-08-25: https://www.vogo-fund.com/ · thebell 202509291109289480102665 (보고 VOYAGE 1호),2026-08-22,web_confirmed,34,30
00080026,스팍스자산운용,스팍스,미래에셋증권 펀드상세 웹 ADMICN(2026-08-18 관측),2026-08-22,confirmed,34,19
00080091,(주)안다자산운용,안다,웹 확인 2026-08-25: http://www.andaasset.com/ · thevc.kr/andaassetmanagement,2026-08-22,web_confirmed,34,14
00080380,,미래고용보험기금,종목명 접두 최빈값 (점유 6%) — 법인명 아님 | 검수 2026-08-25: 미래고용보험기금·SBI크로스보더·JKL 등 이질 PEF/기금 묶음 — 단일 운용사 아님,2026-08-22,derived,33,31
00080062,이지스자산운용,이지스,미래에셋증권 펀드상세 웹 ADMICN(2026-08-18 관측),2026-08-22,confirmed,32,27
00080015,한화자산운용,한화,미래에셋증권 펀드상세 웹 ADMICN(2026-08-18 관측),2026-08-22,confirmed,32,0
00080157,와이즈에셋자산운용,와이즈에셋,미래에셋증권 펀드상세 웹 ADMICN(2026-08-18 관측),2026-08-22,confirmed,31,0
00080096,,외환단기공사채D,종목명 접두 최빈값 (점유 23%) — 법인명 아님,2026-08-22,derived,30,0
00080174,씨앗자산운용(주),씨앗,웹 확인 2026-08-25: https://thevc.kr/ssiaatassetmanagement · edaily 03995046625797456 (씨앗멀티-仁),2026-08-22,web_confirmed,29,28
00080253,(주)퍼시픽자산운용,퍼시픽,웹 확인 2026-08-25: http://www.pacific-amc.com/ · bizno.net/article/5878600457,2026-08-22,web_confirmed,29,28
00080072,코람코자산운용(주),코람코,"웹 확인 2026-08-25: https://www.koramcofund.co.kr/ (코람코자산신탁 자회사, 사모부동산투자신탁 운용)",2026-08-22,web_confirmed,28,20
99999999,,현대와이즈03사,종목명 접두 최빈값 (점유 15%) — 법인명 아님,2026-08-22,derived,27,0
00080084,캡스톤자산운용(주),캡스톤,웹 확인 2026-08-25: https://www.capstoneam.co.kr/ · bizno.net/article/1208746636,2026-08-22,web_confirmed,26,22
00080156,쿼드자산운용(주),쿼드,웹 확인 2026-08-25: https://www.quadim.com/ · thebell 202207041101044800104328 (코리아 앱솔루트 롱숏),2026-08-22,web_confirmed,26,23
00080104,라임자산운용(주) [2020-12 등록취소·펀드 215개 웰브릿지자산운용 인계],라임,웹 확인 2026-08-25: fsc.go.kr/no010101/74635 (금융위 보도참고 2020-12-02),2026-08-22,web_confirmed,25,10
00080007,골드만삭스자산운용,골드만삭스,미래에셋증권 펀드상세 웹 ADMICN(2026-08-18 관측),2026-08-22,confirmed,25,0
00080109,포커스자산운용(주),포커스,웹 확인 http://focusam.co.kr/ (2026-08-25) — Focus Asset Management,2026-08-22,web_confirmed,24,4
00080165,JB자산운용(주),JB,"웹 확인 https://www.jbam.co.kr/ (2026-08-25) — 구 더커자산운용, 2014 JB금융 편입",2026-08-22,web_confirmed,24,5
00080074,,리치먼드전문투자,종목명 접두 최빈값 (점유 54%) — 법인명 아님,2026-08-22,derived,24,2
00080116,(주)더블유자산운용,W코스닥벤처(M,웹 확인 http://w-asset.com/ (2026-08-25) — W코스닥벤처 = 더블유자산운용. 00080394 와 동일 법인 가능 — 코드 중복 사유 미확인,2026-08-22,web_confirmed,22,13
00080208,웰컴자산운용,웰컴,미래에셋증권 펀드상세 웹 ADMICN(2026-08-18 관측),2026-08-22,confirmed,22,20
00080131,,더플랫폼,종목명 접두 최빈값 (점유 57%) — 법인명 아님 | 검수 2026-08-25: 더플랫폼 — 플랫폼파트너스자산운용과 동일 여부 미확정,2026-08-22,derived,21,6
00080175,타이거자산운용투자일임(주) [추정 — 타이거대체투자운용(주)와 구분 미확정],타이거,웹 확인 2026-08-25: http://tigerinv.co.kr/ · tigeralt.com; MERIT/CORE 롱숏형은 투자일임 쪽 상품으로 추정,2026-08-22,web_estimated,21,16
00080085,(주)에이아이피자산운용,AIP,웹 확인 https://thevc.kr/aipassetmanagement (2026-08-25) — AIP Asset Management (구 FG자산운용) — 에이아이파트너스와 별개,2026-08-22,web_confirmed,20,8
00080226,비엔비자산운용(주),비엔비,웹 확인 https://lei.bloomberg.com/leis/view/988400MIPEVM2LLUWP86 (2026-08-25) — BNB Asset Management,2026-08-22,web_confirmed,20,6
00080319,수성자산운용(주),수성,웹 확인 2026-08-25: https://www.nicebizinfo.com/ep/EP0100M002GE.nice?kiscode=F64249,2026-08-22,web_confirmed,20,12
00080184,베스타스자산운용(주),베스타스,웹 확인 2026-08-25: https://www.nicebizinfo.com/ep/EP0100M002GE.nice?kiscode=G15566,2026-08-22,web_confirmed,19,15
00080107,(주)인마크자산운용,INMARK미국,웹 확인 https://www.lei-lookup.com/record/988400QGFVBNPKHM8140/ (2026-08-25) — INMARK Asset Management,2026-08-22,web_confirmed,18,9
00080204,하나대체투자자산운용,하나대체투자,미래에셋증권 펀드상세 웹 ADMICN(2026-08-18 관측),2026-08-22,confirmed,18,5
00080169,에이디에프자산운용(주),ADF,웹 확인 2026-08-25: https://thevc.kr/adfassetmanagement · fsc.go.kr 첨부 '에이디에프자산운용 주식회사',2026-08-22,web_confirmed,18,10
00080153,,동양종금하이일드,"종목명 접두 최빈값 (점유 33%) — 법인명 아님 | 검수 2026-08-25: 동양종금하이일드 — 구 동양종합금융증권 상품, 현 운용주체 미확정",2026-08-22,derived,18,5
00080333,한국투자리얼에셋운용,한국투자리얼에셋,미래에셋증권 펀드상세 웹 ADMICN(2026-08-18 관측),2026-08-22,confirmed,18,6
00080173,빌리언폴드자산운용(주),빌리언폴드,웹 확인 2026-08-25: https://billionfold.com/ · thebell 202506200126191500107125 (Billion Beat 시리즈),2026-08-22,web_confirmed,18,18
00080114,파인밸류자산운용(주),파인밸류,웹 확인 2026-08-25: https://www.findvalue.co.kr/ · kofia 회원사동정 seq=6056,2026-08-22,web_confirmed,17,10
00080115,오라이언자산운용(주),오라이언,웹 확인 https://orioncm.co.kr/home/ (2026-08-25) — Orion Capital Management,2026-08-22,web_confirmed,17,10
00080120,(주)알펜루트자산운용,알펜루트,웹 확인 2026-08-25: http://alpenroute.com/ · saramin 알펜루트자산운용(주),2026-08-22,web_confirmed,17,17
00080397,에이원자산운용(주),에이원,웹 확인 2026-08-25: http://www.aoneasset.co.kr/ · thevc.kr/aoneassetmanagement,2026-08-22,web_confirmed,17,13
00080322,(주)안다에이치자산운용,안다H,웹 확인 https://thevc.kr/andahassetmanagement (2026-08-25) — ANDA H — 안다자산운용(00080091) 물적분할 자회사,2026-08-22,web_confirmed,17,4
00080359,더제이자산운용,더제이,금융투자협회 회원사 코드,2026-08-22,confirmed,15,14
00080049,,현대스위스사모특,종목명 접두 최빈값 (점유 27%) — 법인명 아님,2026-08-22,derived,15,0
00080368,브이아이피자산운용,브이아이피,미래에셋증권 펀드상세 웹 ADMICN(2026-08-18 관측),2026-08-22,confirmed,15,15
00080095,시몬느자산운용(주),시몬느미국부동산,웹 확인 https://simonefg.co.kr/ (2026-08-25) — Simone Investment Managers,2026-08-22,web_confirmed,15,7
00080152,르네상스자산운용(주),르네상스,웹 확인 2026-08-25: https://www.rnasset.com/ · bizno.net/article/8578100424 (르네상스가치1호),2026-08-22,web_confirmed,15,12
00080394,(주)더블유자산운용,더블유,웹 확인 2026-08-25: http://w-asset.com/ · thevc.kr/wassetmanagement (W스페셜시츄에이션),2026-08-22,web_confirmed,14,11
00080117,,씨스퀘어,종목명 접두 최빈값 (점유 71%) — 법인명 아님,2026-08-22,derived,14,1
00080103,,트윈스12투신개,종목명 접두 최빈값 (점유 21%) — 법인명 아님,2026-08-22,derived,14,0
00080126,인벡스자산운용(주),인벡스,웹 확인 https://invex.co.kr/main2/ (2026-08-25) — INVEX Capital Management,2026-08-22,web_confirmed,14,6
00080048,브레인자산운용,브레인,미래에셋증권 펀드상세 웹 ADMICN(2026-08-18 관측),2026-08-22,confirmed,14,9
00080168,삼성에스알에이자산운용(주),삼성SRA일반사,웹 확인 https://www.samsungsra.com/ko (2026-08-25) — Samsung SRA Asset Management,2026-08-22,web_confirmed,14,7
00040099,신한투자증권(주),신한금융투자,웹 확인 https://www.shinhansec.com/ (2026-08-25) — 구 신한금융투자(2022 사명변경) — 증권사,2026-08-22,web_confirmed,13,4
00080056,라자드코리아자산운용,라자드코리아,미래에셋증권 펀드상세 웹 ADMICN(2026-08-18 관측),2026-08-22,confirmed,13,0
00130003,,슈로더이머징유럽,종목명 접두 최빈값 (점유 15%) — 법인명 아님 | 검수 2026-08-25: 0013xxxx 역외(Schroders) — derived 유지,2026-08-22,derived,13,13
00080155,,한국대안투자,종목명 접두 최빈값 (점유 31%) — 법인명 아님,2026-08-22,derived,13,0
00080134,,삼성,종목명 접두 최빈값 (점유 25%) — 법인명 아님 | 검수 2026-08-25: '삼성' 접두 점유 25% — 삼성 계열 어느 법인인지 미확정(00040010 과 별개 코드),2026-08-22,derived,12,5
00080144,,국제Active,종목명 접두 최빈값 (점유 42%) — 법인명 아님,2026-08-22,derived,12,2
00040104,,에이원프라임메자,종목명 접두 최빈값 (점유 42%) — 법인명 아님,2026-08-22,derived,12,0
00080252,,케이알일반사모부,종목명 접두 최빈값 (점유 64%) — 법인명 아님 | 검수 2026-08-25: 케이알 일반사모부동산 — 법인 미확정(검색 불일치),2026-08-22,derived,11,7
00080399,(주)블리츠자산운용,블리츠리베로오아,웹 확인 http://www.blitz-asset.com/ (2026-08-25) — Blitz Asset Management,2026-08-22,web_confirmed,11,8
00130005,,북미펀드,종목명 접두 최빈값 (점유 9%) — 법인명 아님 | 검수 2026-08-25: 0013xxxx 역외(북미펀드) — derived 유지,2026-08-22,derived,11,11
00080106,그로쓰힐자산운용(주),그로쓰힐,웹 확인 http://m.growthhill.com/page/page13 (2026-08-25) — Growth Hill Asset Management,2026-08-22,web_confirmed,11,9
00080199,마스턴투자운용(주),마스턴제192호,웹 확인 https://lei.bloomberg.com/leis/view/9884005FNXAPJMH56Q49 (2026-08-25) — Mastern Investment Management,2026-08-22,web_confirmed,11,8
00080290,웰브릿지자산운용(주),웰브릿지,웹 확인 https://thevc.kr/wellbridgeassetmanagement (2026-08-25) — 라임 가교 운용사(2020 설립),2026-08-22,web_confirmed,10,8
00080123,(주)한앤파트너스자산운용,한&파트너스,웹 확인 https://thevc.kr/hannpartnersassetmanagement (2026-08-25) — HAN & Partners Asset Management,2026-08-22,web_confirmed,10,5
00080202,,아름드리Gaus,종목명 접두 최빈값 (점유 100%) — 법인명 아님,2026-08-22,derived,10,2
00080141,,리코달팽이하이일,종목명 접두 최빈값 (점유 30%) — 법인명 아님,2026-08-22,derived,10,0
00130004,,AB,종목명 접두 최빈값 (점유 30%) — 법인명 아님 | 검수 2026-08-25: 0013xxxx 역외(AllianceBernstein) — derived 유지,2026-08-22,derived,10,10
00080061,,지지전문투자형사,종목명 접두 최빈값 (점유 20%) — 법인명 아님,2026-08-22,derived,10,0
00080393,,파인밸류,종목명 접두 최빈값 (점유 100%) — 법인명 아님,2026-08-22,derived,9,3
00080185,,라움,종목명 접두 최빈값 (점유 33%) — 법인명 아님,2026-08-22,derived,9,2
00080170,,LK,종목명 접두 최빈값 (점유 67%) — 법인명 아님,2026-08-22,derived,9,1
00080242,(주)타이거대체투자운용,타이거대체전문투,웹 확인 http://www.tigeralt.com/ (2026-08-25) — Tiger Alternative Investors — 타이거자산운용투자일임(00080396)과 별개,2026-08-22,web_confirmed,9,5
00130002,,템플턴글로벌본드,종목명 접두 최빈값 (점유 22%) — 법인명 아님 | 검수 2026-08-25: 0013xxxx 역외(Franklin Templeton) — derived 유지,2026-08-22,derived,9,9
00130006,,미래에셋차이나업,종목명 접두 최빈값 (점유 25%) — 법인명 아님 | 검수 2026-08-25: 0013xxxx 역외(미래에셋 홍콩/룩셈부르크 등) — derived 유지,2026-08-22,derived,8,8
00130026,,블랙록월드광업주,종목명 접두 최빈값 (점유 25%) — 법인명 아님 | 검수 2026-08-25: 0013xxxx 역외(BlackRock) — derived 유지,2026-08-22,derived,8,8
00080190,,한강BTL프로젝,"종목명 접두 최빈값 (점유 25%) — 법인명 아님 | 검수 2026-08-25: 한강BTL 프로젝트 — 특별자산 SPC 묶음, 운용사 미확정",2026-08-22,derived,8,6
00080398,브이엠자산운용(주),브이엠,웹 확인 http://www.vminvest.co.kr/ (2026-08-25) — VM Investment Management — 00080197 과 동일 브랜드(중복 코드 사유 미확인),2026-08-22,web_confirmed,8,4
00080158,아크임팩트자산운용(주),아크,웹 확인 https://www.lei-lookup.com/record/988400AW10CF2P7HYM87/ (2026-08-25) — ARK Impact Asset Management,2026-08-22,web_confirmed,7,4
00080197,브이엠자산운용(주),브이엠,웹 확인 http://www.vminvest.co.kr/ (2026-08-25) — VM Investment Management — 00080398 과 동일 브랜드(중복 코드 사유 미확인),2026-08-22,web_confirmed,7,4
00080188,에이아이파트너스자산운용(주),에이아이파트너스,웹 확인 https://www.legalentityidentifier.in/leicert/988400I3FCSJFGYOXG76/ (2026-08-25) — AI Partners Asset Management — AIP 와 별개,2026-08-22,web_confirmed,7,7
00080218,파인스트리트자산운용(주),파인스트리트글로,웹 확인 https://www.pinestreetgrp.com/amc/ (2026-08-25) — PineStreet Asset Management (전문사모),2026-08-22,web_confirmed,7,6
00080118,,CK골디락스,종목명 접두 최빈값 (점유 86%) — 법인명 아님,2026-08-22,derived,7,4
00080267,,차파트너스,종목명 접두 최빈값 (점유 100%) — 법인명 아님,2026-08-22,derived,7,4
00080108,,밸류파트너스,종목명 접두 최빈값 (점유 57%) — 법인명 아님,2026-08-22,derived,7,3
00080186,,마일스톤전문투자,종목명 접두 최빈값 (점유 50%) — 법인명 아님,2026-08-22,derived,6,0
00080110,,아우름,종목명 접두 최빈값 (점유 67%) — 법인명 아님,2026-08-22,derived,6,4
00080337,,비에프로지스틱스,종목명 접두 최빈값 (점유 100%) — 법인명 아님,2026-08-22,derived,6,2
00080124,,메리츠전문투자형,종목명 접두 최빈값 (점유 67%) — 법인명 아님,2026-08-22,derived,6,4
00080180,,스마일게이트,종목명 접두 최빈값 (점유 100%) — 법인명 아님,2026-08-22,derived,6,1
00080069,,엠플러스사모부동,종목명 접두 최빈값 (점유 33%) — 법인명 아님,2026-08-22,derived,6,0
00080128,,아샘,종목명 접두 최빈값 (점유 67%) — 법인명 아님,2026-08-22,derived,6,1
00080243,,피타,종목명 접두 최빈값 (점유 100%) — 법인명 아님,2026-08-22,derived,6,0
00080326,토포앤코코리아자산운용(주),TCK,웹 확인 https://www.newspim.com/news/view/20211109000647 (2026-08-25) — TCK Investments 국내 법인(2021 전문사모 등록),2026-08-22,web_confirmed,6,6
00080294,누버거버먼자산운용(주),NB글로벌비상장,웹 확인 https://www.nb.com/ko/kr/nb-korea-overview (2026-08-25) — Neuberger Berman Asset Management Korea (추정 — 'NB글로벌비상장' 접두),2026-08-22,web_confirmed,6,6
00080068,,하나일반사모증권,종목명 접두 최빈값 (점유 33%) — 법인명 아님,2026-08-22,derived,6,2
00080133,,마운틴폭스전문투,종목명 접두 최빈값 (점유 60%) — 법인명 아님,2026-08-22,derived,5,4
00080151,,제이앤제이포커스,종목명 접두 최빈값 (점유 60%) — 법인명 아님,2026-08-22,derived,5,0
00080140,,아너스골든트리혼,종목명 접두 최빈값 (점유 60%) — 법인명 아님,2026-08-22,derived,5,3
00080166,,첼시뉴크레딧사모,종목명 접두 최빈값 (점유 100%) — 법인명 아님,2026-08-22,derived,5,0
00080105,,리운코스닥벤처일,종목명 접두 최빈값 (점유 60%) — 법인명 아님,2026-08-22,derived,5,4
00080146,,KOTAM마리타,종목명 접두 최빈값 (점유 40%) — 법인명 아님,2026-08-22,derived,5,3
00080142,(주)라쿤자산운용,라쿤Agile전,웹 확인 https://www.raccoonasset.com/ (2026-08-25) — Raccoon Asset Management,2026-08-22,web_confirmed,5,5
00080125,,아이온아르케전문,종목명 접두 최빈값 (점유 60%) — 법인명 아님,2026-08-22,derived,5,0
00080179,,WWG,종목명 접두 최빈값 (점유 100%) — 법인명 아님,2026-08-22,derived,5,3
00080122,,나눔하이일드전문,종목명 접두 최빈값 (점유 100%) — 법인명 아님,2026-08-22,derived,4,0
00080137,,비전헤지드리턴부,종목명 접두 최빈값 (점유 75%) — 법인명 아님,2026-08-22,derived,4,4
00080143,,라살일반사모부동,종목명 접두 최빈값 (점유 50%) — 법인명 아님,2026-08-22,derived,4,3
00080191,,프라핏,종목명 접두 최빈값 (점유 75%) — 법인명 아님,2026-08-22,derived,4,3
00080136,,대덕분리과세하이,종목명 접두 최빈값 (점유 50%) — 법인명 아님,2026-08-22,derived,4,1
00040100,,토러스Stead,종목명 접두 최빈값 (점유 100%) — 법인명 아님,2026-08-22,derived,4,0
00080244,,SAP,종목명 접두 최빈값 (점유 100%) — 법인명 아님,2026-08-22,derived,4,2
00080463,,아이앤케이청년주,종목명 접두 최빈값 (점유 100%) — 법인명 아님,2026-08-22,derived,4,4
00080288,,TI,종목명 접두 최빈값 (점유 100%) — 법인명 아님,2026-08-22,derived,4,1
00080303,,피아이에이하인즈,종목명 접두 최빈값 (점유 75%) — 법인명 아님,2026-08-22,derived,4,4
00080167,,글로벌원미국부동,종목명 접두 최빈값 (점유 25%) — 법인명 아님,2026-08-22,derived,4,1
00080164,,Asset,종목명 접두 최빈값 (점유 25%) — 법인명 아님,2026-08-22,derived,4,0
00040092,,삼성상은신종MM,종목명 접두 최빈값 (점유 25%) — 법인명 아님,2026-08-22,derived,4,0
00080172,,마이퍼스트에셋,종목명 접두 최빈값 (점유 100%) — 법인명 아님,2026-08-22,derived,4,4
00130009,,젬스,종목명 접두 최빈값 (점유 100%) — 법인명 아님,2026-08-22,derived,3,3
00080113,,비욘드스노볼순수,종목명 접두 최빈값 (점유 33%) — 법인명 아님,2026-08-22,derived,3,2
00080235,,포트코리아,종목명 접두 최빈값 (점유 100%) — 법인명 아님,2026-08-22,derived,3,2
00080284,,캐피탈랜드코리아,종목명 접두 최빈값 (점유 100%) — 법인명 아님,2026-08-22,derived,3,3
00080230,,코어,종목명 접두 최빈값 (점유 100%) — 법인명 아님,2026-08-22,derived,3,1
00080249,,메테우스투자금융,종목명 접두 최빈값 (점유 67%) — 법인명 아님,2026-08-22,derived,3,2
00080395,,흥국다이나믹He,종목명 접두 최빈값 (점유 100%) — 법인명 아님,2026-08-22,derived,3,2
00080147,,엘비IPO혼합전,종목명 접두 최빈값 (점유 33%) — 법인명 아님,2026-08-22,derived,3,2
00080315,,인사이트이그나이,종목명 접두 최빈값 (점유 100%) — 법인명 아님,2026-08-22,derived,3,3
00080192,,Discover,종목명 접두 최빈값 (점유 100%) — 법인명 아님,2026-08-22,derived,3,1
00080467,,The황소일반사,종목명 접두 최빈값 (점유 100%) — 법인명 아님,2026-08-22,derived,3,3
00080277,,블래쉬,종목명 접두 최빈값 (점유 100%) — 법인명 아님,2026-08-22,derived,3,3
00080034,블랙록자산운용,블랙록,미래에셋증권 펀드상세 웹 ADMICN(2026-08-18 관측),2026-08-22,confirmed,3,0
00080269,,파인스트리트EU,종목명 접두 최빈값 (점유 33%) — 법인명 아님,2026-08-22,derived,3,1
00080336,,페블스톤제19호,종목명 접두 최빈값 (점유 33%) — 법인명 아님,2026-08-22,derived,3,3
00080391,,이지스코어플랫폼,종목명 접두 최빈값 (점유 33%) — 법인명 아님,2026-08-22,derived,3,3
00080160,,베스트사모칠호M,종목명 접두 최빈값 (점유 33%) — 법인명 아님,2026-08-22,derived,3,0
00040102,,코리아에셋,종목명 접두 최빈값 (점유 100%) — 법인명 아님,2026-08-22,derived,3,2
00080150,,LINK,종목명 접두 최빈값 (점유 100%) — 법인명 아님,2026-08-22,derived,3,0
00080374,,키퍼바흐,종목명 접두 최빈값 (점유 100%) — 법인명 아님,2026-08-22,derived,3,1
00080390,,신한MAIN일반,종목명 접두 최빈값 (점유 50%) — 법인명 아님,2026-08-22,derived,2,1
0040106 ,,DS증권,종목명 접두 최빈값 (점유 100%) — 법인명 아님,2026-08-22,derived,2,2
00080304,,스프랏칠레신재생,종목명 접두 최빈값 (점유 100%) — 법인명 아님,2026-08-22,derived,2,2
00080129,,토터스도레미,종목명 접두 최빈값 (점유 50%) — 법인명 아님,2026-08-22,derived,2,1
00080356,,NH-Amund,종목명 접두 최빈값 (점유 100%) — 법인명 아님,2026-08-22,derived,2,1
00080227,,밸류시스템,종목명 접두 최빈값 (점유 100%) — 법인명 아님,2026-08-22,derived,2,1
00080372,,서진레일일반사모,종목명 접두 최빈값 (점유 100%) — 법인명 아님,2026-08-22,derived,2,2
00080456,,큐브인더스트리얼,종목명 접두 최빈값 (점유 100%) — 법인명 아님,2026-08-22,derived,2,2
00080215,,Blue,종목명 접두 최빈값 (점유 100%) — 법인명 아님,2026-08-22,derived,2,2
00130013,,밀레니윰,종목명 접두 최빈값 (점유 100%) — 법인명 아님,2026-08-22,derived,2,2
00080138,,앱솔루트람다,종목명 접두 최빈값 (점유 50%) — 법인명 아님,2026-08-22,derived,2,2
00080246,,멜론로지스틱스전,종목명 접두 최빈값 (점유 50%) — 법인명 아님,2026-08-22,derived,2,0
00080232,,킹슬리일반사모투,종목명 접두 최빈값 (점유 50%) — 법인명 아님,2026-08-22,derived,2,1
00080461,,크리에이트제7호,종목명 접두 최빈값 (점유 100%) — 법인명 아님,2026-08-22,derived,2,2
00080321,,브라이트코스닥벤,종목명 접두 최빈값 (점유 50%) — 법인명 아님,2026-08-22,derived,2,2
00080440,,마스터,종목명 접두 최빈값 (점유 100%) — 법인명 아님,2026-08-22,derived,2,2
00080178,,아스트라스노우볼,종목명 접두 최빈값 (점유 50%) — 법인명 아님,2026-08-22,derived,2,2
00080078,,Hamilton,종목명 접두 최빈값 (점유 100%) — 법인명 아님,2026-08-22,derived,2,0
00080445,,그래비티일반사모,종목명 접두 최빈값 (점유 100%) — 법인명 아님,2026-08-22,derived,2,2
00080189,,루트엔글로벌코리,종목명 접두 최빈값 (점유 50%) — 법인명 아님,2026-08-22,derived,2,2
00080272,,유나이티드브라이,종목명 접두 최빈값 (점유 50%) — 법인명 아님,2026-08-22,derived,2,0
00080064,,한주뉴크레딧사모,종목명 접두 최빈값 (점유 100%) — 법인명 아님,2026-08-22,derived,1,0
00080457,,미래에셋증권한국,종목명 접두 최빈값 (점유 100%) — 법인명 아님,2026-08-22,derived,1,1
00080229,,케이프,종목명 접두 최빈값 (점유 100%) — 법인명 아님,2026-08-22,derived,1,1
00130015,,씨타델,종목명 접두 최빈값 (점유 100%) — 법인명 아님,2026-08-22,derived,1,1
00040105,한국투자신탁운용,한국,미래에셋증권 펀드상세 웹 ADMICN(2026-08-18 관측),2026-08-22,confirmed,1,1
00080275,,삼천리,종목명 접두 최빈값 (점유 100%) — 법인명 아님,2026-08-22,derived,1,1
00080132,,에너지인프라,종목명 접두 최빈값 (점유 100%) — 법인명 아님,2026-08-22,derived,1,1
00080392,,NH-Amund,종목명 접두 최빈값 (점유 100%) — 법인명 아님,2026-08-22,derived,1,1
00080203,,피아이엠IPO전,종목명 접두 최빈값 (점유 100%) — 법인명 아님,2026-08-22,derived,1,0
00080261,,페블즈,종목명 접두 최빈값 (점유 100%) — 법인명 아님,2026-08-22,derived,1,1
00130014,,씨큐에스,종목명 접두 최빈값 (점유 100%) — 법인명 아님,2026-08-22,derived,1,1
00080111,,페트라코리아거버,종목명 접두 최빈값 (점유 100%) — 법인명 아님,2026-08-22,derived,1,0
00080435,,트라움,종목명 접두 최빈값 (점유 100%) — 법인명 아님,2026-08-22,derived,1,1
00080351,,미래중소기업퇴직,종목명 접두 최빈값 (점유 100%) — 법인명 아님,2026-08-22,derived,1,1
00080323,,으뜸,종목명 접두 최빈값 (점유 100%) — 법인명 아님,2026-08-22,derived,1,1
00080139,,에이치알다빈치공,종목명 접두 최빈값 (점유 100%) — 법인명 아님,2026-08-22,derived,1,0
00080389,,마스턴밸류애드전,종목명 접두 최빈값 (점유 100%) — 법인명 아님,2026-08-22,derived,1,1
00080369,,월넛공모주일반사,종목명 접두 최빈값 (점유 100%) — 법인명 아님,2026-08-22,derived,1,0
00080161,,이글사모기업인수,종목명 접두 최빈값 (점유 100%) — 법인명 아님,2026-08-22,derived,1,0
00080350,,카임일반사모부동,종목명 접두 최빈값 (점유 100%) — 법인명 아님,2026-08-22,derived,1,0
00080404,,엔라이튼,종목명 접두 최빈값 (점유 100%) — 법인명 아님,2026-08-22,derived,1,1
00080240,,위너스,종목명 접두 최빈값 (점유 100%) — 법인명 아님,2026-08-22,derived,1,1
00080327,,헤리티지,종목명 접두 최빈값 (점유 100%) — 법인명 아님,2026-08-22,derived,1,1
00080216,,하이즈에셋,종목명 접두 최빈값 (점유 100%) — 법인명 아님,2026-08-22,derived,1,0
00080345,,스틱플레이스제1,종목명 접두 최빈값 (점유 100%) — 법인명 아님,2026-08-22,derived,1,1
00080193,,린드먼파트너스,종목명 접두 최빈값 (점유 100%) — 법인명 아님,2026-08-22,derived,1,1
00080254,,일본호텔,종목명 접두 최빈값 (점유 100%) — 법인명 아님,2026-08-22,derived,1,1
00080454,,코르사,종목명 접두 최빈값 (점유 100%) — 법인명 아님,2026-08-22,derived,1,1
00080443,,스타퀘스트더베스,종목명 접두 최빈값 (점유 100%) — 법인명 아님,2026-08-22,derived,1,1
00080130,,옵투스루스필터전,종목명 접두 최빈값 (점유 100%) — 법인명 아님,2026-08-22,derived,1,0
00080213,,신라,종목명 접두 최빈값 (점유 100%) — 법인명 아님,2026-08-22,derived,1,1
00080149,,온바운티풀IPO,종목명 접두 최빈값 (점유 100%) — 법인명 아님,2026-08-22,derived,1,0
00080255,,샘19-1전문투,종목명 접두 최빈값 (점유 100%) — 법인명 아님,2026-08-22,derived,1,1
00080071,,다비하나경기고속,종목명 접두 최빈값 (점유 100%) — 법인명 아님,2026-08-22,derived,1,0
00080264,,지안,종목명 접두 최빈값 (점유 100%) — 법인명 아님,2026-08-22,derived,1,1
00080177,,람다공모주멀티전,종목명 접두 최빈값 (점유 100%) — 법인명 아님,2026-08-22,derived,1,1
00080423,,SP,종목명 접두 최빈값 (점유 100%) — 법인명 아님,2026-08-22,derived,1,1
00080292,,이지스리츠포트폴,종목명 접두 최빈값 (점유 100%) — 법인명 아님,2026-08-22,derived,1,1
00080187,,케이클라비스하이,종목명 접두 최빈값 (점유 100%) — 법인명 아님,2026-08-22,derived,1,0
00080245,,스타로드전문사모,종목명 접두 최빈값 (점유 100%) — 법인명 아님,2026-08-22,derived,1,1
00080171,,수림WAYⅡ,종목명 접두 최빈값 (점유 100%) — 법인명 아님,2026-08-22,derived,1,0
00080183,,태성알파K전문투,종목명 접두 최빈값 (점유 100%) — 법인명 아님,2026-08-22,derived,1,1
00080388,,KB,종목명 접두 최빈값 (점유 100%) — 법인명 아님,2026-08-22,derived,1,0
00080263,,NH,종목명 접두 최빈값 (점유 100%) — 법인명 아님,2026-08-22,derived,1,1
00080382,,루다,종목명 접두 최빈값 (점유 100%) — 법인명 아님,2026-08-22,derived,1,1
00080308,,파인트리전문투자,종목명 접두 최빈값 (점유 100%) — 법인명 아님,2026-08-22,derived,1,1
00080163,,마이어사모일진원,종목명 접두 최빈값 (점유 100%) — 법인명 아님,2026-08-22,derived,1,0
00080194,,지알이제3호전문,종목명 접두 최빈값 (점유 100%) — 법인명 아님,2026-08-22,derived,1,0
00130017,,거캐피탈,종목명 접두 최빈값 (점유 100%) — 법인명 아님,2026-08-22,derived,1,1
00130018,,퍼세우스알파펀드,종목명 접두 최빈값 (점유 100%) — 법인명 아님,2026-08-22,derived,1,1
00130012,,골드만삭스,종목명 접두 최빈값 (점유 100%) — 법인명 아님,2026-08-22,derived,1,1
00080381,,제이알,종목명 접두 최빈값 (점유 100%) — 법인명 아님,2026-08-22,derived,1,1
